<?xml version="1.0" encoding="UTF-8"?>
<!DOCTYPE mapper PUBLIC
	"-//mybatis.org//DTD Mapper 3.0//EN"
	"http://mybatis.org/dtd/mybatis-3-mapper.dtd">

<mapper namespace="BoardDAO">
	<!-- 추가 설정 -->
	<!-- 기본 설정 -->
	<insert id="insert">
		<![CDATA[
		
		]]>
	</insert>
	<update id="update">
		<![CDATA[
		
		]]>
	</update>
	<delete id="delete">
		<![CDATA[
		
		]]>
	</delete>
	<select id="selectList">
		<![CDATA[
		
		]]>
	</select>
	<select id="selectOne">
		<![CDATA[
		
		]]>
	</select>
</mapper>